,mean_fit_time,std_fit_time,mean_score_time,std_score_time,param_min_samples_leaf,param_min_samples_split,param_n_estimators,params,split0_test_max_error,split1_test_max_error,split2_test_max_error,split3_test_max_error,split4_test_max_error,mean_test_max_error,std_test_max_error,rank_test_max_error,split0_test_neg_root_mean_squared_error,split1_test_neg_root_mean_squared_error,split2_test_neg_root_mean_squared_error,split3_test_neg_root_mean_squared_error,split4_test_neg_root_mean_squared_error,mean_test_neg_root_mean_squared_error,std_test_neg_root_mean_squared_error,rank_test_neg_root_mean_squared_error
0,0.5703635692596436,0.00514728580841754,0.009461688995361327,0.00021423107494754367,1,2,50,"{'min_samples_leaf': 1, 'min_samples_split': 2, 'n_estimators': 50}",-438.24,-290.34000000000003,-124.78,-168.94,-97.28,-223.916,125.88400082615742,63,-80.63833071698545,-43.86362417508608,-42.625760180058194,-23.139442739817188,-12.898751637830422,-40.633181889955466,23.19503217991144,69
1,1.1438458442687989,0.015566825832666546,0.01807408332824707,0.0011730669310488129,1,2,100,"{'min_samples_leaf': 1, 'min_samples_split': 2, 'n_estimators': 100}",-439.19,-291.28,-125.03,-161.78,-94.4,-222.336,127.50061907300687,55,-80.70747132751833,-43.67650021618056,-42.80957976018903,-22.550490283528013,-13.253548510114777,-40.599518019506135,23.223133128484786,68
2,2.2679802417755126,0.028373751408709413,0.035416030883789064,0.0014359587318479897,1,2,200,"{'min_samples_leaf': 1, 'min_samples_split': 2, 'n_estimators': 200}",-440.535,-295.125,-131.91,-163.045,-86.265,-223.37600000000003,128.92729371238661,58,-80.8030748908423,-43.33344138996572,-42.30582750309524,-22.113208388277076,-13.098456360221174,-40.3308017064803,23.342676830394268,56
3,3.4207079887390135,0.05092613091989745,0.0517059326171875,0.0009192457114003988,1,2,300,"{'min_samples_leaf': 1, 'min_samples_split': 2, 'n_estimators': 300}",-442.5733333333333,-293.90999999999997,-132.2,-165.35333333333332,-84.90666666666667,-223.78866666666667,129.51842627552608,61,-80.81992626469506,-42.77559103543397,-42.978223895475516,-22.327070003577166,-13.185801650925464,-40.41732257002143,23.29507673542816,60
4,4.5658046245574955,0.05529613884580923,0.06847028732299805,0.003449753694163235,1,2,400,"{'min_samples_leaf': 1, 'min_samples_split': 2, 'n_estimators': 400}",-442.335,-292.9525,-135.9425,-169.23,-83.92750000000001,-224.87749999999997,128.68173989537132,70,-80.82263214208099,-42.67736854155189,-42.95606310167422,-22.676491250496596,-13.16843491187736,-40.46019798953621,23.243802769342423,64
5,5.685236692428589,0.06956405079980942,0.08303308486938477,0.002961975302196627,1,2,500,"{'min_samples_leaf': 1, 'min_samples_split': 2, 'n_estimators': 500}",-441.83,-292.906,-140.948,-163.986,-86.038,-225.1416,127.84698496812508,71,-80.85096618563495,-42.8098920037714,-43.208636944139386,-22.127965769889517,-13.186241342485284,-40.436740449184114,23.342775465560916,61
6,0.558184289932251,0.01657608733785478,0.009155750274658203,0.0002088705692601386,1,3,50,"{'min_samples_leaf': 1, 'min_samples_split': 3, 'n_estimators': 50}",-439.8946666666667,-287.6450476190476,-133.15466666666663,-165.178,-95.26366666666667,-224.2272095238095,125.6557892444745,67,-80.68744699742248,-43.89906697253451,-43.59031599140949,-23.111598124059913,-12.832089885598327,-40.82410359420494,23.252867176243456,71
7,1.0980540752410888,0.005838766183920892,0.017275238037109376,0.00042831188976922446,1,3,100,"{'min_samples_leaf': 1, 'min_samples_split': 3, 'n_estimators': 100}",-439.46064285714283,-291.78469047619046,-139.0173333333333,-152.29066666666668,-90.6945,-222.64956666666666,127.39197226165093,56,-80.82252966357127,-43.74196682626685,-43.58930074091809,-21.67966481590647,-13.101308706056024,-40.58695415054374,23.455558072154343,67
8,2.1973493576049803,0.03493517750401919,0.03348631858825683,0.0012321018518446506,1,3,200,"{'min_samples_leaf': 1, 'min_samples_split': 3, 'n_estimators': 200}",-441.0254880952381,-296.25836904761906,-140.97016666666664,-152.3901666666667,-85.96479761904763,-223.32179761904763,129.1469497415947,57,-80.90334477987115,-43.47704784431345,-42.63946447051154,-21.397064254447432,-13.044253172162506,-40.292234904261214,23.513378097530076,55
9,3.3007537841796877,0.05163831109026077,0.0496030330657959,0.0018937409795237038,1,3,300,"{'min_samples_leaf': 1, 'min_samples_split': 3, 'n_estimators': 300}",-442.7573253968254,-294.70834126984124,-143.16383333333326,-152.3603611111111,-84.4894761904762,-223.49586746031747,129.60175627430078,59,-80.87759462076008,-42.95619281811225,-43.089547730687,-21.771454815652376,-13.15386502549707,-40.369731002141755,23.41612026222343,58
10,4.399755144119263,0.04399554667247357,0.06513791084289551,0.0018206319688965817,1,3,400,"{'min_samples_leaf': 1, 'min_samples_split': 3, 'n_estimators': 400}",-443.14184523809524,-293.61621428571425,-144.93633333333327,-154.12189583333333,-84.10341964285713,-223.98394166666662,129.28621764195074,64,-80.88078770853245,-42.8531188403355,-43.16359098558298,-21.894448186887548,-13.13427216182158,-40.385243576632014,23.40181050421924,59
11,5.513397169113159,0.05744084255591429,0.08191008567810058,0.0028433078577280004,1,3,500,"{'min_samples_leaf': 1, 'min_samples_split': 3, 'n_estimators': 500}",-442.756219047619,-293.18480476190473,-144.76603333333333,-150.9163166666667,-86.55280238095237,-223.63523523809528,128.95823641158097,60,-80.89969983925548,-42.8796446048341,-43.2554338757796,-21.59638603872378,-13.18016661295175,-40.362266194308944,23.447882358447345,57
12,0.5322914600372315,0.005210784130060296,0.00891408920288086,0.00016014720598913322,1,4,50,"{'min_samples_leaf': 1, 'min_samples_split': 4, 'n_estimators': 50}",-440.32214285714286,-286.8237857142857,-142.67783333333333,-163.63049999999998,-99.11628571428571,-226.51410952380957,123.74506634504594,72,-80.60941457480013,-43.27122411623277,-44.18624858761135,-23.591153696415326,-12.901485700108053,-40.911905335033524,23.137726742874673,72
13,1.070713710784912,0.011914273628575276,0.01693110466003418,0.00040029141481543286,1,4,100,"{'min_samples_leaf': 1, 'min_samples_split': 4, 'n_estimators': 100}",-440.3327380952381,-289.4705833333333,-144.3965238095238,-151.97708333333333,-92.82622619047619,-223.80063095238097,126.34605256668489,62,-80.77361267724442,-43.53837077429806,-43.696061626806866,-22.35979721215856,-13.326750577951888,-40.738918573691954,23.27478212947967,70
14,2.158941411972046,0.028347186525563194,0.032801342010498044,0.0011476039440684262,1,4,200,"{'min_samples_leaf': 1, 'min_samples_split': 4, 'n_estimators': 200}",-441.6943809523809,-294.0444880952381,-149.25929166666668,-150.01718452380953,-85.68536904761905,-224.14014285714285,128.4426278258959,66,-80.85034148358928,-43.41597143740444,-43.011409121023355,-21.82947829104218,-13.14427757696796,-40.450295582005445,23.408851746995136,63
15,3.2061822414398193,0.028480425742288488,0.048334360122680664,0.0011827692197540797,1,4,300,"{'min_samples_leaf': 1, 'min_samples_split': 4, 'n_estimators': 300}",-443.36736904761904,-293.5041335978836,-148.12547222222224,-150.62136507936503,-85.74903246753247,-224.27347448292448,129.00169867143816,68,-80.89166803581224,-42.89960407559517,-43.47383245557042,-21.901804768720513,-13.323861503368937,-40.49815416781345,23.368885203715006,66
16,4.2730817794799805,0.07961130474798664,0.06294918060302734,0.002294982740086205,1,4,400,"{'min_samples_leaf': 1, 'min_samples_split': 4, 'n_estimators': 400}",-443.114625,-293.0358412698413,-148.38381547619048,-153.3303452380952,-84.79591522366522,-224.53210844155836,128.73658008218183,69,-80.8490190122369,-42.82554541633281,-43.4509017011748,-22.03583130930653,-13.296961385685934,-40.49165176494739,23.337051246498053,65
17,5.246850776672363,0.025646546212376487,0.07963614463806153,0.0013356622763050592,1,4,500,"{'min_samples_leaf': 1, 'min_samples_split': 4, 'n_estimators': 500}",-442.5641428571429,-292.974153968254,-148.82040000000003,-149.22087142857137,-86.39529884559884,-223.9949734199134,128.61311164732447,65,-80.87590572515555,-42.92447714905216,-43.43340116284402,-21.654675902255914,-13.319363450090128,-40.441564677879555,23.403473524791373,62
18,0.4752347469329834,0.004702738582522341,0.008741331100463868,0.00018207884371245853,2,2,50,"{'min_samples_leaf': 2, 'min_samples_split': 2, 'n_estimators': 50}",-440.0750476190476,-289.08738095238095,-142.00100000000003,-132.56314285714285,-87.4395,-218.23321428571427,129.9937069868037,52,-80.51281765635723,-42.91480865171368,-43.20239237476533,-19.08454657212989,-12.483933209767033,-39.63969969294663,23.891340954400032,52
19,0.9578364372253418,0.008776542261322611,0.017097091674804686,0.0007450312663029031,2,2,100,"{'min_samples_leaf': 2, 'min_samples_split': 2, 'n_estimators': 100}",-441.47766666666666,-291.0699682539682,-125.86280952380955,-135.18861904761906,-90.16920238095237,-216.7536531746032,131.87980919107815,25,-80.7048132969031,-42.91675508471634,-42.68541220217736,-18.71283402761723,-13.09641746506262,-39.62324641529533,23.86980182778056,49
20,1.9096201419830323,0.023580031292900348,0.03183422088623047,0.0004743547098204118,2,2,200,"{'min_samples_leaf': 2, 'min_samples_split': 2, 'n_estimators': 200}",-442.7594880952381,-293.89071031746033,-121.61530952380954,-137.84615476190476,-88.84011904761905,-216.99035634920637,133.16760327654094,37,-80.69180942244586,-43.11368224130767,-41.751275001819295,-18.678070329617093,-13.102859180432475,-39.46753923512448,23.854763181009478,40
21,2.8801305294036865,0.04120249287519897,0.04742422103881836,0.0015179632895929108,2,2,300,"{'min_samples_leaf': 2, 'min_samples_split': 2, 'n_estimators': 300}",-444.0562632275132,-292.96995105820105,-122.09453174603178,-136.94607936507936,-88.2208492063492,-216.85753492063492,133.660485144858,34,-80.77110805706852,-42.70658423021722,-41.9685722043711,-18.7858588046178,-13.15807059405723,-39.47803877806637,23.8438707856986,46
22,3.841023254394531,0.048331637529229414,0.06355428695678711,0.0035683068084860583,2,2,400,"{'min_samples_leaf': 2, 'min_samples_split': 2, 'n_estimators': 400}",-443.84396230158734,-293.15004067460313,-124.27401488095245,-137.82631845238095,-87.81173214285715,-217.38121369047622,133.27600986379295,43,-80.8172548899045,-42.60853108031971,-41.80986355566362,-18.859552878182956,-13.105595205732042,-39.44015952196057,23.852835236837468,34
23,4.816614294052124,0.053691687629496374,0.07813239097595215,0.0025573239712612583,2,2,500,"{'min_samples_leaf': 2, 'min_samples_split': 2, 'n_estimators': 500}",-443.7774412698413,-292.4002444444444,-125.90789047619052,-137.4168976190476,-89.0765238095238,-217.71579952380952,132.74509501229568,46,-80.85406808514954,-42.5307237730907,-41.868235735698285,-18.70895986624847,-13.051474101450278,-39.40269231232746,23.902708224797124,31
24,0.4911810874938965,0.013037244518971798,0.008870458602905274,0.00013283716167952875,2,3,50,"{'min_samples_leaf': 2, 'min_samples_split': 3, 'n_estimators': 50}",-440.0750476190476,-289.08738095238095,-142.00100000000003,-132.56314285714285,-87.4395,-218.23321428571427,129.9937069868037,52,-80.51281765635723,-42.91480865171368,-43.20239237476533,-19.08454657212989,-12.483933209767033,-39.63969969294663,23.891340954400032,52
25,0.95780930519104,0.014514924832618398,0.01649446487426758,0.0001022013881257283,2,3,100,"{'min_samples_leaf': 2, 'min_samples_split': 3, 'n_estimators': 100}",-441.47766666666666,-291.0699682539682,-125.86280952380955,-135.18861904761906,-90.16920238095237,-216.7536531746032,131.87980919107815,25,-80.7048132969031,-42.91675508471634,-42.68541220217736,-18.71283402761723,-13.09641746506262,-39.62324641529533,23.86980182778056,49
26,1.9207576751708983,0.015421824675029042,0.03222227096557617,0.0012994678713426657,2,3,200,"{'min_samples_leaf': 2, 'min_samples_split': 3, 'n_estimators': 200}",-442.7594880952381,-293.89071031746033,-121.61530952380954,-137.84615476190476,-88.84011904761905,-216.99035634920637,133.16760327654094,37,-80.69180942244586,-43.11368224130767,-41.751275001819295,-18.678070329617093,-13.102859180432475,-39.46753923512448,23.854763181009478,40
27,2.8820847034454347,0.027938073818014775,0.047398042678833005,0.0016922141714419518,2,3,300,"{'min_samples_leaf': 2, 'min_samples_split': 3, 'n_estimators': 300}",-444.0562632275132,-292.96995105820105,-122.09453174603178,-136.94607936507936,-88.2208492063492,-216.85753492063492,133.660485144858,34,-80.77110805706852,-42.70658423021722,-41.9685722043711,-18.7858588046178,-13.15807059405723,-39.47803877806637,23.8438707856986,46
28,3.8231298446655275,0.04053719452549574,0.06309118270874023,0.001159091352407607,2,3,400,"{'min_samples_leaf': 2, 'min_samples_split': 3, 'n_estimators': 400}",-443.84396230158734,-293.15004067460313,-124.27401488095245,-137.82631845238095,-87.81173214285715,-217.38121369047622,133.27600986379295,43,-80.8172548899045,-42.60853108031971,-41.80986355566362,-18.859552878182956,-13.105595205732042,-39.44015952196057,23.852835236837468,34
29,4.8014623641967775,0.05965975275756427,0.07780885696411133,0.0023651057529743263,2,3,500,"{'min_samples_leaf': 2, 'min_samples_split': 3, 'n_estimators': 500}",-443.7774412698413,-292.4002444444444,-125.90789047619052,-137.4168976190476,-89.0765238095238,-217.71579952380952,132.74509501229568,46,-80.85406808514954,-42.5307237730907,-41.868235735698285,-18.70895986624847,-13.051474101450278,-39.40269231232746,23.902708224797124,31
30,0.47536439895629884,0.004892462591527604,0.008912181854248047,0.0004097958234686828,2,4,50,"{'min_samples_leaf': 2, 'min_samples_split': 4, 'n_estimators': 50}",-440.0750476190476,-289.08738095238095,-142.00100000000003,-132.56314285714285,-87.4395,-218.23321428571427,129.9937069868037,52,-80.51281765635723,-42.91480865171368,-43.20239237476533,-19.08454657212989,-12.483933209767033,-39.63969969294663,23.891340954400032,52
31,0.9544559478759765,0.012721199736728198,0.016884613037109374,0.0005613634053789399,2,4,100,"{'min_samples_leaf': 2, 'min_samples_split': 4, 'n_estimators': 100}",-441.47766666666666,-291.0699682539682,-125.86280952380955,-135.18861904761906,-90.16920238095237,-216.7536531746032,131.87980919107815,25,-80.7048132969031,-42.91675508471634,-42.68541220217736,-18.71283402761723,-13.09641746506262,-39.62324641529533,23.86980182778056,49
32,1.928002166748047,0.023639497744240585,0.032196569442749026,0.0006847006420919173,2,4,200,"{'min_samples_leaf': 2, 'min_samples_split': 4, 'n_estimators': 200}",-442.7594880952381,-293.89071031746033,-121.61530952380954,-137.84615476190476,-88.84011904761905,-216.99035634920637,133.16760327654094,37,-80.69180942244586,-43.11368224130767,-41.751275001819295,-18.678070329617093,-13.102859180432475,-39.46753923512448,23.854763181009478,40
33,2.8776209354400635,0.029467433895317578,0.04672904014587402,0.0008236779041895323,2,4,300,"{'min_samples_leaf': 2, 'min_samples_split': 4, 'n_estimators': 300}",-444.0562632275132,-292.96995105820105,-122.09453174603178,-136.94607936507936,-88.2208492063492,-216.85753492063492,133.660485144858,34,-80.77110805706852,-42.70658423021722,-41.9685722043711,-18.7858588046178,-13.15807059405723,-39.47803877806637,23.8438707856986,46
34,3.841852617263794,0.02049678695178331,0.06223874092102051,0.0008532631206042853,2,4,400,"{'min_samples_leaf': 2, 'min_samples_split': 4, 'n_estimators': 400}",-443.84396230158734,-293.15004067460313,-124.27401488095245,-137.82631845238095,-87.81173214285715,-217.38121369047622,133.27600986379295,43,-80.8172548899045,-42.60853108031971,-41.80986355566362,-18.859552878182956,-13.105595205732042,-39.44015952196057,23.852835236837468,34
35,4.817142057418823,0.04950829647631672,0.07926850318908692,0.0009094598177174678,2,4,500,"{'min_samples_leaf': 2, 'min_samples_split': 4, 'n_estimators': 500}",-443.7774412698413,-292.4002444444444,-125.90789047619052,-137.4168976190476,-89.0765238095238,-217.71579952380952,132.74509501229568,46,-80.85406808514954,-42.5307237730907,-41.868235735698285,-18.70895986624847,-13.051474101450278,-39.40269231232746,23.902708224797124,31
36,0.43425641059875486,0.005721355522946725,0.008555316925048828,0.00023426600487023766,3,2,50,"{'min_samples_leaf': 3, 'min_samples_split': 2, 'n_estimators': 50}",-439.000119047619,-288.5646825396825,-132.11783405483405,-133.9934468864469,-90.19002380952381,-216.77322126762124,130.0624000377974,31,-80.50585486847753,-43.06180471658467,-43.113377230421115,-17.86612259935545,-12.779534045391284,-39.465338692046004,24.03840687953022,37
37,0.8775615215301513,0.01018764939139181,0.016354751586914063,0.0004973538974069809,3,2,100,"{'min_samples_leaf': 3, 'min_samples_split': 2, 'n_estimators': 100}",-440.90673412698413,-289.23735678210676,-129.7594411976912,-133.2452948162948,-89.41637950937951,-216.5130412864913,131.34277415707132,22,-80.77322833989416,-42.97656033177218,-42.60557372819715,-17.69857293406894,-13.328773830282026,-39.47654183284289,24.022668408935644,43
38,1.7441002368927,0.011276174266480327,0.030870866775512696,0.0009713149199459173,3,2,200,"{'min_samples_leaf': 3, 'min_samples_split': 2, 'n_estimators': 200}",-442.10745923520926,-291.70097384559887,-126.35245274170268,-134.09088947163946,-86.41483612221113,-216.13332228327226,132.9610706207099,10,-80.7357502747715,-42.85439771699446,-41.50513764031467,-17.72128015311079,-13.042840948640722,-39.17188134676643,24.039198221691635,28
39,2.6308496952056886,0.04165854353822869,0.04681129455566406,0.0009580888189797629,3,2,300,"{'min_samples_leaf': 3, 'min_samples_split': 2, 'n_estimators': 300}",-442.6682275132275,-292.7212487974988,-123.09076515151523,-135.45512503237504,-87.88776376401378,-216.36462605172605,133.26388745441457,16,-80.64566772955898,-42.43571050600042,-41.59399669389231,-17.7720051009007,-13.033485941572408,-39.09617319438496,23.990564559992784,19
40,3.5169615745544434,0.023999300950316205,0.06137504577636719,0.0013191501084025652,3,2,400,"{'min_samples_leaf': 3, 'min_samples_split': 2, 'n_estimators': 400}",-442.7446921897547,-292.6523216991342,-127.10829608585871,-134.84919334138084,-88.60995115995118,-217.1928908952159,132.66275430898355,40,-80.6541392528452,-42.359955163656394,-41.837705969151145,-17.787344192443324,-13.020347577003271,-39.13189843101986,23.99683858850418,25
41,4.397242450714112,0.02119103560880725,0.0769880771636963,0.0021775796936575873,3,2,500,"{'min_samples_leaf': 3, 'min_samples_split': 2, 'n_estimators': 500}",-442.2823549062049,-292.3438116605617,-129.53686507936513,-135.2466935619936,-89.3507905816406,-217.7521031579532,131.94978199349202,49,-80.64590954188616,-42.27674856247596,-41.89046333355706,-17.78032865362427,-13.016747313739298,-39.12203948105655,23.995012169310858,22
42,0.4359097480773926,0.004788476281506011,0.008490562438964844,0.00016131613191838678,3,3,50,"{'min_samples_leaf': 3, 'min_samples_split': 3, 'n_estimators': 50}",-439.000119047619,-288.5646825396825,-132.11783405483405,-133.9934468864469,-90.19002380952381,-216.77322126762124,130.0624000377974,31,-80.50585486847753,-43.06180471658467,-43.113377230421115,-17.86612259935545,-12.779534045391284,-39.465338692046004,24.03840687953022,37
43,0.8784940719604493,0.010123755331367695,0.016232633590698244,0.0006723491789872772,3,3,100,"{'min_samples_leaf': 3, 'min_samples_split': 3, 'n_estimators': 100}",-440.90673412698413,-289.23735678210676,-129.7594411976912,-133.2452948162948,-89.41637950937951,-216.5130412864913,131.34277415707132,22,-80.77322833989416,-42.97656033177218,-42.60557372819715,-17.69857293406894,-13.328773830282026,-39.47654183284289,24.022668408935644,43
44,1.779963445663452,0.01722618822913248,0.032256364822387695,0.0009880809452181274,3,3,200,"{'min_samples_leaf': 3, 'min_samples_split': 3, 'n_estimators': 200}",-442.10745923520926,-291.70097384559887,-126.35245274170268,-134.09088947163946,-86.41483612221113,-216.13332228327226,132.9610706207099,10,-80.7357502747715,-42.85439771699446,-41.50513764031467,-17.72128015311079,-13.042840948640722,-39.17188134676643,24.039198221691635,28
45,2.7060701847076416,0.023686002694221654,0.04686408042907715,0.000648842142038767,3,3,300,"{'min_samples_leaf': 3, 'min_samples_split': 3, 'n_estimators': 300}",-442.6682275132275,-292.7212487974988,-123.09076515151523,-135.45512503237504,-87.88776376401378,-216.36462605172605,133.26388745441457,16,-80.64566772955898,-42.43571050600042,-41.59399669389231,-17.7720051009007,-13.033485941572408,-39.09617319438496,23.990564559992784,19
46,3.614747953414917,0.04889373693772031,0.06310510635375977,0.0020460193828540896,3,3,400,"{'min_samples_leaf': 3, 'min_samples_split': 3, 'n_estimators': 400}",-442.7446921897547,-292.6523216991342,-127.10829608585871,-134.84919334138084,-88.60995115995118,-217.1928908952159,132.66275430898355,40,-80.6541392528452,-42.359955163656394,-41.837705969151145,-17.787344192443324,-13.020347577003271,-39.13189843101986,23.99683858850418,25
47,4.7960185527801515,0.0752705044384381,0.10302958488464356,0.030149380650069113,3,3,500,"{'min_samples_leaf': 3, 'min_samples_split': 3, 'n_estimators': 500}",-442.2823549062049,-292.3438116605617,-129.53686507936513,-135.2466935619936,-89.3507905816406,-217.7521031579532,131.94978199349202,49,-80.64590954188616,-42.27674856247596,-41.89046333355706,-17.78032865362427,-13.016747313739298,-39.12203948105655,23.995012169310858,22
48,0.5135490894317627,0.07010000126948111,0.009053468704223633,0.00018728151961177296,3,4,50,"{'min_samples_leaf': 3, 'min_samples_split': 4, 'n_estimators': 50}",-439.000119047619,-288.5646825396825,-132.11783405483405,-133.9934468864469,-90.19002380952381,-216.77322126762124,130.0624000377974,31,-80.50585486847753,-43.06180471658467,-43.113377230421115,-17.86612259935545,-12.779534045391284,-39.465338692046004,24.03840687953022,37
49,0.9877186775207519,0.04835812338137539,0.020891952514648437,0.008132863704777924,3,4,100,"{'min_samples_leaf': 3, 'min_samples_split': 4, 'n_estimators': 100}",-440.90673412698413,-289.23735678210676,-129.7594411976912,-133.2452948162948,-89.41637950937951,-216.5130412864913,131.34277415707132,22,-80.77322833989416,-42.97656033177218,-42.60557372819715,-17.69857293406894,-13.328773830282026,-39.47654183284289,24.022668408935644,43
50,1.9879607200622558,0.11858597067009273,0.03156437873840332,0.000621288233668146,3,4,200,"{'min_samples_leaf': 3, 'min_samples_split': 4, 'n_estimators': 200}",-442.10745923520926,-291.70097384559887,-126.35245274170268,-134.09088947163946,-86.41483612221113,-216.13332228327226,132.9610706207099,10,-80.7357502747715,-42.85439771699446,-41.50513764031467,-17.72128015311079,-13.042840948640722,-39.17188134676643,24.039198221691635,28
51,2.7384972095489504,0.07815943391848032,0.04719309806823731,0.0009527776603705389,3,4,300,"{'min_samples_leaf': 3, 'min_samples_split': 4, 'n_estimators': 300}",-442.6682275132275,-292.7212487974988,-123.09076515151523,-135.45512503237504,-87.88776376401378,-216.36462605172605,133.26388745441457,16,-80.64566772955898,-42.43571050600042,-41.59399669389231,-17.7720051009007,-13.033485941572408,-39.09617319438496,23.990564559992784,19
52,3.6236517906188963,0.022821922985995387,0.062047815322875975,0.0018383877760804886,3,4,400,"{'min_samples_leaf': 3, 'min_samples_split': 4, 'n_estimators': 400}",-442.7446921897547,-292.6523216991342,-127.10829608585871,-134.84919334138084,-88.60995115995118,-217.1928908952159,132.66275430898355,40,-80.6541392528452,-42.359955163656394,-41.837705969151145,-17.787344192443324,-13.020347577003271,-39.13189843101986,23.99683858850418,25
53,4.533405399322509,0.059112452513541094,0.0781491756439209,0.0009727978296131549,3,4,500,"{'min_samples_leaf': 3, 'min_samples_split': 4, 'n_estimators': 500}",-442.2823549062049,-292.3438116605617,-129.53686507936513,-135.2466935619936,-89.3507905816406,-217.7521031579532,131.94978199349202,49,-80.64590954188616,-42.27674856247596,-41.89046333355706,-17.78032865362427,-13.016747313739298,-39.12203948105655,23.995012169310858,22
54,0.418048095703125,0.0028761425153785657,0.008523797988891602,0.00024774655393205514,4,2,50,"{'min_samples_leaf': 4, 'min_samples_split': 2, 'n_estimators': 50}",-441.329943001443,-287.36670584970585,-119.64037734487732,-135.661664002664,-89.8489859029859,-214.76953522033523,132.29718301291643,1,-80.29233331211503,-43.092938397202,-41.45283431361681,-17.76341271514532,-12.724389014181,-39.06518155045203,23.954976352586527,13
55,0.8388346672058106,0.01003454843823762,0.01595582962036133,0.0003778599053306903,4,2,100,"{'min_samples_leaf': 4, 'min_samples_split': 2, 'n_estimators': 100}",-443.64002669552667,-288.7468121600622,-122.13195129870132,-137.2987105117105,-89.62843084693085,-216.2891863025863,132.73020704731934,13,-80.55175736090489,-42.93747378661453,-41.18359614743214,-17.71881805031669,-13.068872272439627,-39.092103523541574,23.967019033823142,16
56,1.6884450912475586,0.03668172183296647,0.031160831451416016,0.0009667407999467495,4,2,200,"{'min_samples_leaf': 4, 'min_samples_split': 2, 'n_estimators': 200}",-443.0164880952381,-289.27982985070486,-124.23946620046627,-134.8102220859206,-87.16439074814076,-215.70207939609412,133.05364734483842,4,-80.6031671353351,-42.86245157798452,-40.59051993401229,-17.59377193503395,-12.905010696415715,-38.91098425575632,24.030843719076092,10
57,2.5434598445892336,0.02233465843408903,0.04602031707763672,0.0008193822905798562,4,2,300,"{'min_samples_leaf': 4, 'min_samples_split': 2, 'n_estimators': 300}",-443.2047558165519,-291.12333702408705,-122.16868718318727,-134.22015694626722,-88.8640400987901,-215.91619541377673,133.35763345986007,7,-80.51878144530473,-42.42464152446862,-40.72330259544089,-17.615418378128894,-13.055825392593853,-38.86759386718739,23.953371472056126,4
58,3.359508180618286,0.027363405564240315,0.06067957878112793,0.0007178254632215787,4,2,400,"{'min_samples_leaf': 4, 'min_samples_split': 2, 'n_estimators': 400}",-442.65701121667075,-292.7643903804529,-123.73353208943846,-134.5963670783873,-88.78469274883614,-216.50719870275708,133.1076805177459,19,-80.5257066086686,-42.317491606001475,-40.9090478956032,-17.665559890547343,-13.079878414952404,-38.89953688315461,23.941575125087578,7
59,4.248145246505738,0.062158818939102536,0.07622261047363281,0.0017594523232200053,4,2,500,"{'min_samples_leaf': 4, 'min_samples_split': 2, 'n_estimators': 500}",-442.21495281283046,-292.2367558830059,-124.4995392690644,-134.9830089263935,-89.8862852902,-216.76410843629884,132.53156960487806,28,-80.50896332135704,-42.191338892172965,-40.86472955660799,-17.687540121448066,-13.084290547394582,-38.867372487796125,23.926608152763855,1
60,0.41898431777954104,0.0030938203809303087,0.008568620681762696,0.00016544480737707733,4,3,50,"{'min_samples_leaf': 4, 'min_samples_split': 3, 'n_estimators': 50}",-441.329943001443,-287.36670584970585,-119.64037734487732,-135.661664002664,-89.8489859029859,-214.76953522033523,132.29718301291643,1,-80.29233331211503,-43.092938397202,-41.45283431361681,-17.76341271514532,-12.724389014181,-39.06518155045203,23.954976352586527,13
61,0.8370887756347656,0.007401791678041673,0.015979814529418945,0.0001885735364299191,4,3,100,"{'min_samples_leaf': 4, 'min_samples_split': 3, 'n_estimators': 100}",-443.64002669552667,-288.7468121600622,-122.13195129870132,-137.2987105117105,-89.62843084693085,-216.2891863025863,132.73020704731934,13,-80.55175736090489,-42.93747378661453,-41.18359614743214,-17.71881805031669,-13.068872272439627,-39.092103523541574,23.967019033823142,16
62,1.691194772720337,0.01769531542029224,0.031306219100952146,0.0006711345606832293,4,3,200,"{'min_samples_leaf': 4, 'min_samples_split': 3, 'n_estimators': 200}",-443.0164880952381,-289.27982985070486,-124.23946620046627,-134.8102220859206,-87.16439074814076,-215.70207939609412,133.05364734483842,4,-80.6031671353351,-42.86245157798452,-40.59051993401229,-17.59377193503395,-12.905010696415715,-38.91098425575632,24.030843719076092,10
63,2.5206171035766602,0.026827740180383457,0.04600815773010254,0.0011231937612841791,4,3,300,"{'min_samples_leaf': 4, 'min_samples_split': 3, 'n_estimators': 300}",-443.2047558165519,-291.12333702408705,-122.16868718318727,-134.22015694626722,-88.8640400987901,-215.91619541377673,133.35763345986007,7,-80.51878144530473,-42.42464152446862,-40.72330259544089,-17.615418378128894,-13.055825392593853,-38.86759386718739,23.953371472056126,4
64,3.3948012351989747,0.04451102680416711,0.06113677024841309,0.0012302348816940621,4,3,400,"{'min_samples_leaf': 4, 'min_samples_split': 3, 'n_estimators': 400}",-442.65701121667075,-292.7643903804529,-123.73353208943846,-134.5963670783873,-88.78469274883614,-216.50719870275708,133.1076805177459,19,-80.5257066086686,-42.317491606001475,-40.9090478956032,-17.665559890547343,-13.079878414952404,-38.89953688315461,23.941575125087578,7
65,4.228718709945679,0.032572240698987856,0.07581300735473633,0.0017613839333719913,4,3,500,"{'min_samples_leaf': 4, 'min_samples_split': 3, 'n_estimators': 500}",-442.21495281283046,-292.2367558830059,-124.4995392690644,-134.9830089263935,-89.8862852902,-216.76410843629884,132.53156960487806,28,-80.50896332135704,-42.191338892172965,-40.86472955660799,-17.687540121448066,-13.084290547394582,-38.867372487796125,23.926608152763855,1
66,0.42267460823059083,0.006316090983693762,0.00867009162902832,9.508293154331728e-05,4,4,50,"{'min_samples_leaf': 4, 'min_samples_split': 4, 'n_estimators': 50}",-441.329943001443,-287.36670584970585,-119.64037734487732,-135.661664002664,-89.8489859029859,-214.76953522033523,132.29718301291643,1,-80.29233331211503,-43.092938397202,-41.45283431361681,-17.76341271514532,-12.724389014181,-39.06518155045203,23.954976352586527,13
67,0.8398951053619385,0.009125032546569373,0.016435861587524414,0.0002724277977322067,4,4,100,"{'min_samples_leaf': 4, 'min_samples_split': 4, 'n_estimators': 100}",-443.64002669552667,-288.7468121600622,-122.13195129870132,-137.2987105117105,-89.62843084693085,-216.2891863025863,132.73020704731934,13,-80.55175736090489,-42.93747378661453,-41.18359614743214,-17.71881805031669,-13.068872272439627,-39.092103523541574,23.967019033823142,16
68,1.7006357192993165,0.028526088726635663,0.03182883262634277,0.0012020715154597691,4,4,200,"{'min_samples_leaf': 4, 'min_samples_split': 4, 'n_estimators': 200}",-443.0164880952381,-289.27982985070486,-124.23946620046627,-134.8102220859206,-87.16439074814076,-215.70207939609412,133.05364734483842,4,-80.6031671353351,-42.86245157798452,-40.59051993401229,-17.59377193503395,-12.905010696415715,-38.91098425575632,24.030843719076092,10
69,2.532680702209473,0.019178829271323274,0.046564769744873044,0.0009330820057423706,4,4,300,"{'min_samples_leaf': 4, 'min_samples_split': 4, 'n_estimators': 300}",-443.2047558165519,-291.12333702408705,-122.16868718318727,-134.22015694626722,-88.8640400987901,-215.91619541377673,133.35763345986007,7,-80.51878144530473,-42.42464152446862,-40.72330259544089,-17.615418378128894,-13.055825392593853,-38.86759386718739,23.953371472056126,4
70,3.345730352401733,0.10528580175483927,0.060189104080200194,0.0023181199565238475,4,4,400,"{'min_samples_leaf': 4, 'min_samples_split': 4, 'n_estimators': 400}",-442.65701121667075,-292.7643903804529,-123.73353208943846,-134.5963670783873,-88.78469274883614,-216.50719870275708,133.1076805177459,19,-80.5257066086686,-42.317491606001475,-40.9090478956032,-17.665559890547343,-13.079878414952404,-38.89953688315461,23.941575125087578,7
71,3.49518027305603,0.3305212845903373,0.04468445777893067,0.00039894726673234246,4,4,500,"{'min_samples_leaf': 4, 'min_samples_split': 4, 'n_estimators': 500}",-442.21495281283046,-292.2367558830059,-124.4995392690644,-134.9830089263935,-89.8862852902,-216.76410843629884,132.53156960487806,28,-80.50896332135704,-42.191338892172965,-40.86472955660799,-17.687540121448066,-13.084290547394582,-38.867372487796125,23.926608152763855,1
